section id,recording id,fixation id,start timestamp [ns],end timestamp [ns],duration [ms],fixation detected on surface,fixation x [normalized],fixation y [normalized]
f42a875f-092b-427d-b12d-52c489379fdf,9fd1a384-8877-4a65-9277-6874f0eb9343,1,1749381152806148662,1749381153621958662,815,true,0.736449,0.292137
f42a875f-092b-427d-b12d-52c489379fdf,9fd1a384-8877-4a65-9277-6874f0eb9343,2,1749381153826151662,1749381154401897662,575,true,0.765402,0.339064
f42a875f-092b-427d-b12d-52c489379fdf,9fd1a384-8877-4a65-9277-6874f0eb9343,3,1749381154569922662,1749381154677926662,108,true,0.779129,0.336006
f42a875f-092b-427d-b12d-52c489379fdf,9fd1a384-8877-4a65-9277-6874f0eb9343,4,1749381154869959662,1749381154945900662,75,true,0.79065,0.308787
f42a875f-092b-427d-b12d-52c489379fdf,9fd1a384-8877-4a65-9277-6874f0eb9343,5,1749381155149922662,1749381155785970662,636,true,0.717182,0.288912
f42a875f-092b-427d-b12d-52c489379fdf,9fd1a384-8877-4a65-9277-6874f0eb9343,6,1749381156285888662,1749381156437939662,152,true,0.691031,0.395583
f42a875f-092b-427d-b12d-52c489379fdf,9fd1a384-8877-4a65-9277-6874f0eb9343,7,1749381156645983662,1749381156797906662,151,true,0.784515,0.286066
f42a875f-092b-427d-b12d-52c489379fdf,9fd1a384-8877-4a65-9277-6874f0eb9343,8,1749381156817911662,1749381158397957662,1580,true,0.742045,0.313686
f42a875f-092b-427d-b12d-52c489379fdf,9fd1a384-8877-4a65-9277-6874f0eb9343,9,1749381158705971662,1749381158757930662,51,false,1.722608,0.255924
f42a875f-092b-427d-b12d-52c489379fdf,9fd1a384-8877-4a65-9277-6874f0eb9343,10,1749381158818106662,1749381158977946662,159,true,1.021194,0.206444
f42a875f-092b-427d-b12d-52c489379fdf,9fd1a384-8877-4a65-9277-6874f0eb9343,11,1749381159037928662,1749381159177902662,139,true,0.473568,0.252413
f42a875f-092b-427d-b12d-52c489379fdf,9fd1a384-8877-4a65-9277-6874f0eb9343,12,1749381159353898662,1749381159605891662,251,true,0.416542,0.272504
f42a875f-092b-427d-b12d-52c489379fdf,9fd1a384-8877-4a65-9277-6874f0eb9343,13,1749381159710033662,1749381162797899662,3087,true,0.479956,0.285855
f42a875f-092b-427d-b12d-52c489379fdf,9fd1a384-8877-4a65-9277-6874f0eb9343,14,1749381163069917662,1749381163150001662,80,true,0.593079,0.374101
f42a875f-092b-427d-b12d-52c489379fdf,9fd1a384-8877-4a65-9277-6874f0eb9343,15,1749381163330008662,1749381163805942662,475,true,0.573485,0.345491
f42a875f-092b-427d-b12d-52c489379fdf,9fd1a384-8877-4a65-9277-6874f0eb9343,16,1749381164305907662,1749381165341923662,1036,true,0.627206,0.355986
f42a875f-092b-427d-b12d-52c489379fdf,9fd1a384-8877-4a65-9277-6874f0eb9343,17,1749381165429935662,1749381165601862662,171,true,0.731319,0.384172
f42a875f-092b-427d-b12d-52c489379fdf,9fd1a384-8877-4a65-9277-6874f0eb9343,18,1749381165797906662,1749381166777939662,980,true,0.636469,0.323962
f42a875f-092b-427d-b12d-52c489379fdf,9fd1a384-8877-4a65-9277-6874f0eb9343,19,1749381166961873662,1749381168805905662,1844,true,0.671589,0.3427
f42a875f-092b-427d-b12d-52c489379fdf,9fd1a384-8877-4a65-9277-6874f0eb9343,20,1749381169001930662,1749381170257920662,1255,true,0.697124,0.326935
f42a875f-092b-427d-b12d-52c489379fdf,9fd1a384-8877-4a65-9277-6874f0eb9343,21,1749381170438015662,1749381170537928662,99,true,0.715057,0.314402
f42a875f-092b-427d-b12d-52c489379fdf,9fd1a384-8877-4a65-9277-6874f0eb9343,22,1749381170693952662,1749381174157922662,3463,true,0.695939,0.311264
f42a875f-092b-427d-b12d-52c489379fdf,9fd1a384-8877-4a65-9277-6874f0eb9343,23,1749381174217906662,1749381174745979662,528,false,1.095237,0.063118
f42a875f-092b-427d-b12d-52c489379fdf,9fd1a384-8877-4a65-9277-6874f0eb9343,24,1749381174941898662,1749381175329938662,388,false,1.711036,-0.520515
f42a875f-092b-427d-b12d-52c489379fdf,9fd1a384-8877-4a65-9277-6874f0eb9343,25,1749381175369918662,1749381175637913662,267,false,2.015497,-0.371954
f42a875f-092b-427d-b12d-52c489379fdf,9fd1a384-8877-4a65-9277-6874f0eb9343,26,1749381175697895662,1749381175830308662,132,false,1.229924,-0.231374
f42a875f-092b-427d-b12d-52c489379fdf,9fd1a384-8877-4a65-9277-6874f0eb9343,27,1749381175925925662,1749381176217909662,291,false,2.227019,-0.140953
f42a875f-092b-427d-b12d-52c489379fdf,9fd1a384-8877-4a65-9277-6874f0eb9343,28,1749381176358149662,1749381176441942662,83,false,3.677104,-2.106927
f42a875f-092b-427d-b12d-52c489379fdf,9fd1a384-8877-4a65-9277-6874f0eb9343,29,1749381176461911662,1749381176878047662,416,false,4.814448,-3.361874
f42a875f-092b-427d-b12d-52c489379fdf,9fd1a384-8877-4a65-9277-6874f0eb9343,30,1749381177209942662,1749381179765915662,2555,true,0.482207,0.242745
f42a875f-092b-427d-b12d-52c489379fdf,9fd1a384-8877-4a65-9277-6874f0eb9343,31,1749381179925964662,1749381180133941662,207,true,0.591113,0.267674
f42a875f-092b-427d-b12d-52c489379fdf,9fd1a384-8877-4a65-9277-6874f0eb9343,32,1749381180165919662,1749381180417956662,252,true,0.323975,0.380699
f42a875f-092b-427d-b12d-52c489379fdf,9fd1a384-8877-4a65-9277-6874f0eb9343,33,1749381180581894662,1749381185333920662,4752,true,0.331794,0.404193
f42a875f-092b-427d-b12d-52c489379fdf,9fd1a384-8877-4a65-9277-6874f0eb9343,34,1749381185729924662,1749381185965903662,235,false,0.303531,1.082344
f42a875f-092b-427d-b12d-52c489379fdf,9fd1a384-8877-4a65-9277-6874f0eb9343,35,1749381186070002662,1749381186181942662,111,false,0.507081,1.251113
f42a875f-092b-427d-b12d-52c489379fdf,9fd1a384-8877-4a65-9277-6874f0eb9343,37,1749381186565922662,1749381186850041662,284,true,0.522587,0.434322
f42a875f-092b-427d-b12d-52c489379fdf,9fd1a384-8877-4a65-9277-6874f0eb9343,38,1749381186877922662,1749381187221978662,344,true,0.669939,0.365604
f42a875f-092b-427d-b12d-52c489379fdf,9fd1a384-8877-4a65-9277-6874f0eb9343,39,1749381187261961662,1749381187605938662,343,true,0.406287,0.349076
f42a875f-092b-427d-b12d-52c489379fdf,9fd1a384-8877-4a65-9277-6874f0eb9343,40,1749381187625972662,1749381187881924662,255,true,0.308955,0.379285
f42a875f-092b-427d-b12d-52c489379fdf,9fd1a384-8877-4a65-9277-6874f0eb9343,41,1749381187914087662,1749381188877894662,963,true,0.527819,0.406413
f42a875f-092b-427d-b12d-52c489379fdf,9fd1a384-8877-4a65-9277-6874f0eb9343,42,1749381188901897662,1749381190921914662,2020,true,0.355734,0.349641
f42a875f-092b-427d-b12d-52c489379fdf,9fd1a384-8877-4a65-9277-6874f0eb9343,43,1749381190945930662,1749381191225968662,280,true,0.419056,0.276371
f42a875f-092b-427d-b12d-52c489379fdf,9fd1a384-8877-4a65-9277-6874f0eb9343,44,1749381191266097662,1749381192025912662,759,true,0.608397,0.14721
f42a875f-092b-427d-b12d-52c489379fdf,9fd1a384-8877-4a65-9277-6874f0eb9343,45,1749381192054034662,1749381193890020662,1835,true,0.647466,0.145369
f42a875f-092b-427d-b12d-52c489379fdf,9fd1a384-8877-4a65-9277-6874f0eb9343,46,1749381193921919662,1749381194321908662,399,true,0.550035,0.240227
f42a875f-092b-427d-b12d-52c489379fdf,9fd1a384-8877-4a65-9277-6874f0eb9343,47,1749381194457923662,1749381194825944662,368,true,0.338649,0.377533
f42a875f-092b-427d-b12d-52c489379fdf,9fd1a384-8877-4a65-9277-6874f0eb9343,48,1749381194857871662,1749381196421885662,1564,true,0.401205,0.489616
f42a875f-092b-427d-b12d-52c489379fdf,9fd1a384-8877-4a65-9277-6874f0eb9343,49,1749381196457928662,1749381196777889662,319,true,0.331159,0.508155
f42a875f-092b-427d-b12d-52c489379fdf,9fd1a384-8877-4a65-9277-6874f0eb9343,50,1749381196837970662,1749381196989895662,151,true,0.361674,0.824591
f42a875f-092b-427d-b12d-52c489379fdf,9fd1a384-8877-4a65-9277-6874f0eb9343,51,1749381197017966662,1749381197305922662,287,true,0.266008,0.919758
f42a875f-092b-427d-b12d-52c489379fdf,9fd1a384-8877-4a65-9277-6874f0eb9343,52,1749381197357890662,1749381197785933662,428,true,0.33421,0.531626
f42a875f-092b-427d-b12d-52c489379fdf,9fd1a384-8877-4a65-9277-6874f0eb9343,53,1749381197981932662,1749381198025921662,43,false,0.211337,1.187787
f42a875f-092b-427d-b12d-52c489379fdf,9fd1a384-8877-4a65-9277-6874f0eb9343,54,1749381198049911662,1749381198221917662,172,false,0.213364,1.281344
f42a875f-092b-427d-b12d-52c489379fdf,9fd1a384-8877-4a65-9277-6874f0eb9343,55,1749381198305904662,1749381198449919662,144,true,0.408306,0.753381
f42a875f-092b-427d-b12d-52c489379fdf,9fd1a384-8877-4a65-9277-6874f0eb9343,56,1749381198477917662,1749381198549906662,71,true,0.363547,0.652403
f42a875f-092b-427d-b12d-52c489379fdf,9fd1a384-8877-4a65-9277-6874f0eb9343,57,1749381198661915662,1749381199645901662,983,false,0.636117,1.425311
f42a875f-092b-427d-b12d-52c489379fdf,9fd1a384-8877-4a65-9277-6874f0eb9343,59,1749381200337888662,1749381200541931662,204,true,0.511286,0.375013
f42a875f-092b-427d-b12d-52c489379fdf,9fd1a384-8877-4a65-9277-6874f0eb9343,60,1749381200569915662,1749381200889929662,320,true,0.653755,0.331748
f42a875f-092b-427d-b12d-52c489379fdf,9fd1a384-8877-4a65-9277-6874f0eb9343,61,1749381201097923662,1749381201189995662,92,true,0.751011,0.348513
f42a875f-092b-427d-b12d-52c489379fdf,9fd1a384-8877-4a65-9277-6874f0eb9343,62,1749381201401920662,1749381202586052662,1184,true,0.691067,0.365281
f42a875f-092b-427d-b12d-52c489379fdf,9fd1a384-8877-4a65-9277-6874f0eb9343,63,1749381202757886662,1749381203041870662,283,true,0.695339,0.412896
f42a875f-092b-427d-b12d-52c489379fdf,9fd1a384-8877-4a65-9277-6874f0eb9343,64,1749381203225916662,1749381203930130662,704,true,0.701127,0.339484
f42a875f-092b-427d-b12d-52c489379fdf,9fd1a384-8877-4a65-9277-6874f0eb9343,72,1749381206265911662,1749381206441937662,176,true,0.515495,0.224639
f42a875f-092b-427d-b12d-52c489379fdf,9fd1a384-8877-4a65-9277-6874f0eb9343,73,1749381207333920662,1749381208009907662,675,false,5.550856,-4.095616
f42a875f-092b-427d-b12d-52c489379fdf,9fd1a384-8877-4a65-9277-6874f0eb9343,74,1749381208153936662,1749381208297914662,143,false,2.269252,-0.955362
f42a875f-092b-427d-b12d-52c489379fdf,9fd1a384-8877-4a65-9277-6874f0eb9343,75,1749381208345919662,1749381208489892662,143,false,1.478993,-0.44046
f42a875f-092b-427d-b12d-52c489379fdf,9fd1a384-8877-4a65-9277-6874f0eb9343,76,1749381208657921662,1749381208705910662,47,true,0.722467,0.093687
f42a875f-092b-427d-b12d-52c489379fdf,9fd1a384-8877-4a65-9277-6874f0eb9343,77,1749381208737897662,1749381208977920662,240,true,0.530293,0.308587
f42a875f-092b-427d-b12d-52c489379fdf,9fd1a384-8877-4a65-9277-6874f0eb9343,78,1749381208997902662,1749381209821935662,824,true,0.480198,0.316031
f42a875f-092b-427d-b12d-52c489379fdf,9fd1a384-8877-4a65-9277-6874f0eb9343,79,1749381209965905662,1749381211441891662,1475,true,0.493357,0.308708
f42a875f-092b-427d-b12d-52c489379fdf,9fd1a384-8877-4a65-9277-6874f0eb9343,80,1749381211649952662,1749381212517920662,867,true,0.489171,0.306472
f42a875f-092b-427d-b12d-52c489379fdf,9fd1a384-8877-4a65-9277-6874f0eb9343,81,1749381212725927662,1749381212869928662,144,true,0.532544,0.340768
f42a875f-092b-427d-b12d-52c489379fdf,9fd1a384-8877-4a65-9277-6874f0eb9343,82,1749381212905939662,1749381213153898662,247,true,0.292346,0.261425
f42a875f-092b-427d-b12d-52c489379fdf,9fd1a384-8877-4a65-9277-6874f0eb9343,83,1749381213341933662,1749381213597955662,256,true,0.296053,0.284447
f42a875f-092b-427d-b12d-52c489379fdf,9fd1a384-8877-4a65-9277-6874f0eb9343,84,1749381213637929662,1749381213957958662,320,true,0.494579,0.395189
f42a875f-092b-427d-b12d-52c489379fdf,9fd1a384-8877-4a65-9277-6874f0eb9343,85,1749381213997924662,1749381215397900662,1399,true,0.323506,0.223911
f42a875f-092b-427d-b12d-52c489379fdf,9fd1a384-8877-4a65-9277-6874f0eb9343,87,1749381219649983662,1749381220189933662,539,true,0.213988,-0.009585
f42a875f-092b-427d-b12d-52c489379fdf,9fd1a384-8877-4a65-9277-6874f0eb9343,88,1749381220229988662,1749381222741966662,2511,true,0.680753,-0.177932
f42a875f-092b-427d-b12d-52c489379fdf,9fd1a384-8877-4a65-9277-6874f0eb9343,89,1749381222777994662,1749381223081902662,303,true,0.355453,0.059133
f42a875f-092b-427d-b12d-52c489379fdf,9fd1a384-8877-4a65-9277-6874f0eb9343,90,1749381223109946662,1749381223738156662,628,true,0.489571,0.122199
f42a875f-092b-427d-b12d-52c489379fdf,9fd1a384-8877-4a65-9277-6874f0eb9343,91,1749381223825906662,1749381224277934662,452,true,0.641437,0.167198
f42a875f-092b-427d-b12d-52c489379fdf,9fd1a384-8877-4a65-9277-6874f0eb9343,92,1749381224785928662,1749381225457910662,671,true,0.460505,0.250338
f42a875f-092b-427d-b12d-52c489379fdf,9fd1a384-8877-4a65-9277-6874f0eb9343,93,1749381226117909662,1749381226378154662,260,false,0.270987,1.169045
f42a875f-092b-427d-b12d-52c489379fdf,9fd1a384-8877-4a65-9277-6874f0eb9343,94,1749381226405899662,1749381226573948662,168,false,0.382207,1.154859
f42a875f-092b-427d-b12d-52c489379fdf,9fd1a384-8877-4a65-9277-6874f0eb9343,95,1749381226713906662,1749381227157986662,444,false,0.606759,1.271847
f42a875f-092b-427d-b12d-52c489379fdf,9fd1a384-8877-4a65-9277-6874f0eb9343,96,1749381227418448662,1749381227489930662,71,true,0.387109,0.408325
f42a875f-092b-427d-b12d-52c489379fdf,9fd1a384-8877-4a65-9277-6874f0eb9343,97,1749381227653887662,1749381227733921662,80,true,0.517993,0.206409
f42a875f-092b-427d-b12d-52c489379fdf,9fd1a384-8877-4a65-9277-6874f0eb9343,98,1749381227758015662,1749381228025940662,267,true,0.429277,0.279195
f42a875f-092b-427d-b12d-52c489379fdf,9fd1a384-8877-4a65-9277-6874f0eb9343,99,1749381228078048662,1749381228406173662,328,true,0.613908,0.26798
f42a875f-092b-427d-b12d-52c489379fdf,9fd1a384-8877-4a65-9277-6874f0eb9343,100,1749381228429937662,1749381229021931662,591,true,0.407562,0.292302
f42a875f-092b-427d-b12d-52c489379fdf,9fd1a384-8877-4a65-9277-6874f0eb9343,101,1749381229077915662,1749381229189941662,112,true,0.556941,0.646422
f42a875f-092b-427d-b12d-52c489379fdf,9fd1a384-8877-4a65-9277-6874f0eb9343,102,1749381229261937662,1749381229425881662,163,true,0.652165,1.066022
f42a875f-092b-427d-b12d-52c489379fdf,9fd1a384-8877-4a65-9277-6874f0eb9343,103,1749381229485909662,1749381230457913662,972,false,0.72977,1.421385
f42a875f-092b-427d-b12d-52c489379fdf,9fd1a384-8877-4a65-9277-6874f0eb9343,104,1749381230517932662,1749381230657916662,139,false,0.464709,1.350501
f42a875f-092b-427d-b12d-52c489379fdf,9fd1a384-8877-4a65-9277-6874f0eb9343,106,1749381231157935662,1749381231674035662,516,true,0.688288,0.070558
f42a875f-092b-427d-b12d-52c489379fdf,9fd1a384-8877-4a65-9277-6874f0eb9343,107,1749381231889911662,1749381231985905662,95,true,0.720489,0.275021
f42a875f-092b-427d-b12d-52c489379fdf,9fd1a384-8877-4a65-9277-6874f0eb9343,108,1749381232026042662,1749381232513928662,487,true,0.506537,0.304701
f42a875f-092b-427d-b12d-52c489379fdf,9fd1a384-8877-4a65-9277-6874f0eb9343,109,1749381232589911662,1749381232653899662,63,true,0.489191,0.41428
f42a875f-092b-427d-b12d-52c489379fdf,9fd1a384-8877-4a65-9277-6874f0eb9343,110,1749381232769986662,1749381234221909662,1451,true,0.482251,0.35251
f42a875f-092b-427d-b12d-52c489379fdf,9fd1a384-8877-4a65-9277-6874f0eb9343,111,1749381234402069662,1749381234541919662,139,true,0.630136,0.353876
f42a875f-092b-427d-b12d-52c489379fdf,9fd1a384-8877-4a65-9277-6874f0eb9343,112,1749381234701971662,1749381237257963662,2555,true,0.503232,0.318071
f42a875f-092b-427d-b12d-52c489379fdf,9fd1a384-8877-4a65-9277-6874f0eb9343,113,1749381237361923662,1749381237453926662,92,true,0.572365,0.526586
f42a875f-092b-427d-b12d-52c489379fdf,9fd1a384-8877-4a65-9277-6874f0eb9343,114,1749381237486122662,1749381238241909662,755,true,0.462051,0.437661
f42a875f-092b-427d-b12d-52c489379fdf,9fd1a384-8877-4a65-9277-6874f0eb9343,115,1749381238329980662,1749381238417873662,87,true,0.548157,0.526678
f42a875f-092b-427d-b12d-52c489379fdf,9fd1a384-8877-4a65-9277-6874f0eb9343,116,1749381238449888662,1749381239349922662,900,true,0.46188,0.404244
f42a875f-092b-427d-b12d-52c489379fdf,9fd1a384-8877-4a65-9277-6874f0eb9343,117,1749381239457916662,1749381239693924662,236,true,0.502204,0.517207
f42a875f-092b-427d-b12d-52c489379fdf,9fd1a384-8877-4a65-9277-6874f0eb9343,118,1749381239725906662,1749381240210003662,484,true,0.68157,0.503809
f42a875f-092b-427d-b12d-52c489379fdf,9fd1a384-8877-4a65-9277-6874f0eb9343,119,1749381240249922662,1749381242009906662,1759,true,0.504289,0.385212
f42a875f-092b-427d-b12d-52c489379fdf,9fd1a384-8877-4a65-9277-6874f0eb9343,120,1749381242089931662,1749381242370044662,280,true,0.666486,0.122939
f42a875f-092b-427d-b12d-52c489379fdf,9fd1a384-8877-4a65-9277-6874f0eb9343,121,1749381242537927662,1749381242737936662,200,true,0.79887,0.047684
f42a875f-092b-427d-b12d-52c489379fdf,9fd1a384-8877-4a65-9277-6874f0eb9343,122,1749381242765922662,1749381243157923662,392,true,0.891933,0.039722
f42a875f-092b-427d-b12d-52c489379fdf,9fd1a384-8877-4a65-9277-6874f0eb9343,123,1749381243185936662,1749381243377892662,191,false,0.751973,-0.054702
f42a875f-092b-427d-b12d-52c489379fdf,9fd1a384-8877-4a65-9277-6874f0eb9343,124,1749381243405924662,1749381243729936662,324,false,0.632875,-0.157615
f42a875f-092b-427d-b12d-52c489379fdf,9fd1a384-8877-4a65-9277-6874f0eb9343,125,1749381243749949662,1749381244690009662,940,true,0.686561,0.062326
f42a875f-092b-427d-b12d-52c489379fdf,9fd1a384-8877-4a65-9277-6874f0eb9343,126,1749381244725931662,1749381245273942662,548,true,0.527682,0.31571
f42a875f-092b-427d-b12d-52c489379fdf,9fd1a384-8877-4a65-9277-6874f0eb9343,127,1749381245461955662,1749381245645944662,183,true,0.589056,0.328243
f42a875f-092b-427d-b12d-52c489379fdf,9fd1a384-8877-4a65-9277-6874f0eb9343,128,1749381245870122662,1749381246497897662,627,true,0.757861,0.4303
f42a875f-092b-427d-b12d-52c489379fdf,9fd1a384-8877-4a65-9277-6874f0eb9343,129,1749381246629921662,1749381246697951662,68,true,0.551205,0.388495
f42a875f-092b-427d-b12d-52c489379fdf,9fd1a384-8877-4a65-9277-6874f0eb9343,130,1749381246725937662,1749381247017952662,292,true,0.454092,0.36644
f42a875f-092b-427d-b12d-52c489379fdf,9fd1a384-8877-4a65-9277-6874f0eb9343,131,1749381247117911662,1749381247333948662,216,true,0.448493,0.79702
f42a875f-092b-427d-b12d-52c489379fdf,9fd1a384-8877-4a65-9277-6874f0eb9343,132,1749381247641910662,1749381247745947662,104,true,0.540207,0.131622
f42a875f-092b-427d-b12d-52c489379fdf,9fd1a384-8877-4a65-9277-6874f0eb9343,133,1749381247790049662,1749381248670052662,880,true,0.362719,0.295243
f42a875f-092b-427d-b12d-52c489379fdf,9fd1a384-8877-4a65-9277-6874f0eb9343,134,1749381249081916662,1749381249178011662,96,false,0.460262,1.398126
f42a875f-092b-427d-b12d-52c489379fdf,9fd1a384-8877-4a65-9277-6874f0eb9343,135,1749381249201900662,1749381249345914662,144,false,0.573514,1.414396
f42a875f-092b-427d-b12d-52c489379fdf,9fd1a384-8877-4a65-9277-6874f0eb9343,136,1749381249601873662,1749381249641939662,40,true,0.472693,0.25304
f42a875f-092b-427d-b12d-52c489379fdf,9fd1a384-8877-4a65-9277-6874f0eb9343,137,1749381249710056662,1749381251089879662,1379,true,0.629152,0.169696
f42a875f-092b-427d-b12d-52c489379fdf,9fd1a384-8877-4a65-9277-6874f0eb9343,138,1749381251441938662,1749381251505906662,63,false,0.692302,1.400255
f42a875f-092b-427d-b12d-52c489379fdf,9fd1a384-8877-4a65-9277-6874f0eb9343,140,1749381251969928662,1749381252297974662,328,true,0.413474,0.291598
f42a875f-092b-427d-b12d-52c489379fdf,9fd1a384-8877-4a65-9277-6874f0eb9343,141,1749381252469928662,1749381252565977662,96,true,0.494462,0.377033
f42a875f-092b-427d-b12d-52c489379fdf,9fd1a384-8877-4a65-9277-6874f0eb9343,142,1749381252781894662,1749381256713934662,3932,true,0.484534,0.313033
f42a875f-092b-427d-b12d-52c489379fdf,9fd1a384-8877-4a65-9277-6874f0eb9343,143,1749381256741897662,1749381257417936662,676,true,0.333389,0.375677
f42a875f-092b-427d-b12d-52c489379fdf,9fd1a384-8877-4a65-9277-6874f0eb9343,144,1749381257441995662,1749381257849910662,407,true,0.413017,0.305651
f42a875f-092b-427d-b12d-52c489379fdf,9fd1a384-8877-4a65-9277-6874f0eb9343,145,1749381257877877662,1749381258409922662,532,true,0.301415,0.408163
f42a875f-092b-427d-b12d-52c489379fdf,9fd1a384-8877-4a65-9277-6874f0eb9343,149,1749381259001927662,1749381260041922662,1039,false,5.223454,-5.498296
f42a875f-092b-427d-b12d-52c489379fdf,9fd1a384-8877-4a65-9277-6874f0eb9343,150,1749381260373913662,1749381260545915662,172,false,0.589871,-0.170541
f42a875f-092b-427d-b12d-52c489379fdf,9fd1a384-8877-4a65-9277-6874f0eb9343,151,1749381260585910662,1749381260745901662,159,true,0.451005,0.150101
f42a875f-092b-427d-b12d-52c489379fdf,9fd1a384-8877-4a65-9277-6874f0eb9343,152,1749381260777961662,1749381260917890662,139,false,0.416649,-0.069281
f42a875f-092b-427d-b12d-52c489379fdf,9fd1a384-8877-4a65-9277-6874f0eb9343,153,1749381261170032662,1749381261217895662,47,false,3.327805,-2.854509
f42a875f-092b-427d-b12d-52c489379fdf,9fd1a384-8877-4a65-9277-6874f0eb9343,154,1749381261257972662,1749381261761912662,503,false,5.657152,-5.754944
f42a875f-092b-427d-b12d-52c489379fdf,9fd1a384-8877-4a65-9277-6874f0eb9343,155,1749381261809905662,1749381262017893662,207,false,5.60466,-4.150856
f42a875f-092b-427d-b12d-52c489379fdf,9fd1a384-8877-4a65-9277-6874f0eb9343,156,1749381262209913662,1749381262378016662,168,true,0.452627,-0.00675
f42a875f-092b-427d-b12d-52c489379fdf,9fd1a384-8877-4a65-9277-6874f0eb9343,157,1749381262405927662,1749381262590008662,184,true,0.559986,0.115163
f42a875f-092b-427d-b12d-52c489379fdf,9fd1a384-8877-4a65-9277-6874f0eb9343,158,1749381262617883662,1749381263069939662,452,true,0.456538,0.271776
f42a875f-092b-427d-b12d-52c489379fdf,9fd1a384-8877-4a65-9277-6874f0eb9343,159,1749381263301884662,1749381263361951662,60,true,0.49973,0.326569
f42a875f-092b-427d-b12d-52c489379fdf,9fd1a384-8877-4a65-9277-6874f0eb9343,160,1749381263557923662,1749381264185934662,628,true,0.511274,0.288921
f42a875f-092b-427d-b12d-52c489379fdf,9fd1a384-8877-4a65-9277-6874f0eb9343,161,1749381264437954662,1749381264825929662,387,true,0.514034,0.291405
f42a875f-092b-427d-b12d-52c489379fdf,9fd1a384-8877-4a65-9277-6874f0eb9343,162,1749381264845922662,1749381265309921662,463,true,0.585128,0.282726
f42a875f-092b-427d-b12d-52c489379fdf,9fd1a384-8877-4a65-9277-6874f0eb9343,163,1749381265437937662,1749381267165930662,1727,true,0.534899,0.303904
f42a875f-092b-427d-b12d-52c489379fdf,9fd1a384-8877-4a65-9277-6874f0eb9343,164,1749381267201880662,1749381267597958662,396,true,0.277635,0.362355
f42a875f-092b-427d-b12d-52c489379fdf,9fd1a384-8877-4a65-9277-6874f0eb9343,165,1749381267638034662,1749381267949883662,311,true,0.34351,0.47758
f42a875f-092b-427d-b12d-52c489379fdf,9fd1a384-8877-4a65-9277-6874f0eb9343,166,1749381267985926662,1749381268397895662,411,true,0.578852,0.436157
f42a875f-092b-427d-b12d-52c489379fdf,9fd1a384-8877-4a65-9277-6874f0eb9343,167,1749381268437882662,1749381268809964662,372,true,0.361205,0.348804
f42a875f-092b-427d-b12d-52c489379fdf,9fd1a384-8877-4a65-9277-6874f0eb9343,168,1749381268822009662,1749381269033903662,211,true,0.504281,0.350523
f42a875f-092b-427d-b12d-52c489379fdf,9fd1a384-8877-4a65-9277-6874f0eb9343,169,1749381269229912662,1749381269733893662,503,true,0.323566,0.349791
f42a875f-092b-427d-b12d-52c489379fdf,9fd1a384-8877-4a65-9277-6874f0eb9343,171,1749381270109969662,1749381271365955662,1255,true,0.612133,-0.010185
f42a875f-092b-427d-b12d-52c489379fdf,9fd1a384-8877-4a65-9277-6874f0eb9343,172,1749381271405943662,1749381271598088662,192,true,0.425064,0.175052
f42a875f-092b-427d-b12d-52c489379fdf,9fd1a384-8877-4a65-9277-6874f0eb9343,173,1749381271629965662,1749381272366517662,736,true,0.543868,0.23001
f42a875f-092b-427d-b12d-52c489379fdf,9fd1a384-8877-4a65-9277-6874f0eb9343,174,1749381272397914662,1749381273089944662,692,true,0.597705,0.538931
f42a875f-092b-427d-b12d-52c489379fdf,9fd1a384-8877-4a65-9277-6874f0eb9343,175,1749381273129904662,1749381273290054662,160,true,0.545191,0.838566
f42a875f-092b-427d-b12d-52c489379fdf,9fd1a384-8877-4a65-9277-6874f0eb9343,176,1749381273317897662,1749381273533953662,216,true,0.449713,0.897155
f42a875f-092b-427d-b12d-52c489379fdf,9fd1a384-8877-4a65-9277-6874f0eb9343,177,1749381273725895662,1749381274745946662,1020,false,0.504225,1.344998
f42a875f-092b-427d-b12d-52c489379fdf,9fd1a384-8877-4a65-9277-6874f0eb9343,178,1749381274801878662,1749381275241910662,440,false,0.646894,1.521497
f42a875f-092b-427d-b12d-52c489379fdf,9fd1a384-8877-4a65-9277-6874f0eb9343,179,1749381275597889662,1749381275685947662,88,true,0.588226,0.414956
f42a875f-092b-427d-b12d-52c489379fdf,9fd1a384-8877-4a65-9277-6874f0eb9343,180,1749381275717886662,1749381276397972662,680,true,0.456006,0.315789
f42a875f-092b-427d-b12d-52c489379fdf,9fd1a384-8877-4a65-9277-6874f0eb9343,181,1749381276425989662,1749381276749904662,323,true,0.586196,0.287303
f42a875f-092b-427d-b12d-52c489379fdf,9fd1a384-8877-4a65-9277-6874f0eb9343,182,1749381276769927662,1749381277077993662,308,true,0.471864,0.298449
f42a875f-092b-427d-b12d-52c489379fdf,9fd1a384-8877-4a65-9277-6874f0eb9343,183,1749381277197942662,1749381277309899662,111,true,0.453605,0.357978
f42a875f-092b-427d-b12d-52c489379fdf,9fd1a384-8877-4a65-9277-6874f0eb9343,184,1749381277529897662,1749381279605941662,2076,true,0.454993,0.267918
f42a875f-092b-427d-b12d-52c489379fdf,9fd1a384-8877-4a65-9277-6874f0eb9343,185,1749381279633918662,1749381281797920662,2164,true,0.480889,0.370277
f42a875f-092b-427d-b12d-52c489379fdf,9fd1a384-8877-4a65-9277-6874f0eb9343,186,1749381282393940662,1749381284053998662,1660,false,0.484946,-0.307419
f42a875f-092b-427d-b12d-52c489379fdf,9fd1a384-8877-4a65-9277-6874f0eb9343,187,1749381284105898662,1749381284209922662,104,false,0.274228,-0.107833
f42a875f-092b-427d-b12d-52c489379fdf,9fd1a384-8877-4a65-9277-6874f0eb9343,188,1749381284281889662,1749381284537984662,256,false,0.40806,-0.335267
f42a875f-092b-427d-b12d-52c489379fdf,9fd1a384-8877-4a65-9277-6874f0eb9343,189,1749381284629886662,1749381284701893662,72,false,0.253851,-0.121211
f42a875f-092b-427d-b12d-52c489379fdf,9fd1a384-8877-4a65-9277-6874f0eb9343,190,1749381285053916662,1749381285093926662,40,false,0.445271,-0.116186
f42a875f-092b-427d-b12d-52c489379fdf,9fd1a384-8877-4a65-9277-6874f0eb9343,192,1749381286657920662,1749381286705921662,48,false,-0.106471,1.325715
f42a875f-092b-427d-b12d-52c489379fdf,9fd1a384-8877-4a65-9277-6874f0eb9343,193,1749381286725926662,1749381288190114662,1464,false,0.086892,1.399209
f42a875f-092b-427d-b12d-52c489379fdf,9fd1a384-8877-4a65-9277-6874f0eb9343,194,1749381288629916662,1749381288990163662,360,false,0.451368,1.304926
f42a875f-092b-427d-b12d-52c489379fdf,9fd1a384-8877-4a65-9277-6874f0eb9343,195,1749381289325937662,1749381289845925662,519,false,0.738311,1.3823
f42a875f-092b-427d-b12d-52c489379fdf,9fd1a384-8877-4a65-9277-6874f0eb9343,196,1749381290225929662,1749381290245960662,20,true,0.456905,0.085866
f42a875f-092b-427d-b12d-52c489379fdf,9fd1a384-8877-4a65-9277-6874f0eb9343,197,1749381290321913662,1749381290725897662,403,true,0.43346,0.267935
f42a875f-092b-427d-b12d-52c489379fdf,9fd1a384-8877-4a65-9277-6874f0eb9343,198,1749381290797914662,1749381290925941662,128,true,0.624259,0.571963
f42a875f-092b-427d-b12d-52c489379fdf,9fd1a384-8877-4a65-9277-6874f0eb9343,199,1749381291085895662,1749381292685921662,1600,true,0.700251,0.247705
f42a875f-092b-427d-b12d-52c489379fdf,9fd1a384-8877-4a65-9277-6874f0eb9343,200,1749381293089978662,1749381293189938662,99,false,0.665479,1.360917
f42a875f-092b-427d-b12d-52c489379fdf,9fd1a384-8877-4a65-9277-6874f0eb9343,201,1749381293409961662,1749381293601897662,191,true,0.565062,0.198711
f42a875f-092b-427d-b12d-52c489379fdf,9fd1a384-8877-4a65-9277-6874f0eb9343,202,1749381293629893662,1749381294101922662,472,true,0.440696,0.254708
f42a875f-092b-427d-b12d-52c489379fdf,9fd1a384-8877-4a65-9277-6874f0eb9343,203,1749381294257937662,1749381295353908662,1095,true,0.476514,0.270483
f42a875f-092b-427d-b12d-52c489379fdf,9fd1a384-8877-4a65-9277-6874f0eb9343,204,1749381295494058662,1749381295701885662,207,true,0.484286,0.329449
f42a875f-092b-427d-b12d-52c489379fdf,9fd1a384-8877-4a65-9277-6874f0eb9343,205,1749381295737878662,1749381296069891662,332,true,0.453868,0.474753
f42a875f-092b-427d-b12d-52c489379fdf,9fd1a384-8877-4a65-9277-6874f0eb9343,206,1749381296137931662,1749381298189919662,2051,true,0.468153,0.405223
f42a875f-092b-427d-b12d-52c489379fdf,9fd1a384-8877-4a65-9277-6874f0eb9343,207,1749381298541942662,1749381300450129662,1908,true,0.718193,-0.036354
f42a875f-092b-427d-b12d-52c489379fdf,9fd1a384-8877-4a65-9277-6874f0eb9343,208,1749381300478001662,1749381300677950662,199,true,0.529108,0.238072
f42a875f-092b-427d-b12d-52c489379fdf,9fd1a384-8877-4a65-9277-6874f0eb9343,209,1749381300717899662,1749381301161935662,444,true,0.659449,0.318083
f42a875f-092b-427d-b12d-52c489379fdf,9fd1a384-8877-4a65-9277-6874f0eb9343,210,1749381301349991662,1749381301989957662,639,true,0.694873,0.563705
f42a875f-092b-427d-b12d-52c489379fdf,9fd1a384-8877-4a65-9277-6874f0eb9343,211,1749381302041919662,1749381302225903662,183,true,0.448836,0.318907
f42a875f-092b-427d-b12d-52c489379fdf,9fd1a384-8877-4a65-9277-6874f0eb9343,212,1749381302297909662,1749381302425922662,128,true,0.632015,0.686063
f42a875f-092b-427d-b12d-52c489379fdf,9fd1a384-8877-4a65-9277-6874f0eb9343,213,1749381302585940662,1749381302633912662,47,true,0.6065,0.901494
f42a875f-092b-427d-b12d-52c489379fdf,9fd1a384-8877-4a65-9277-6874f0eb9343,214,1749381302653884662,1749381303253908662,600,true,0.511299,1.140955
f42a875f-092b-427d-b12d-52c489379fdf,9fd1a384-8877-4a65-9277-6874f0eb9343,215,1749381303289934662,1749381304329909662,1039,false,0.657467,1.430764
f42a875f-092b-427d-b12d-52c489379fdf,9fd1a384-8877-4a65-9277-6874f0eb9343,216,1749381304365910662,1749381304517914662,152,false,0.422131,1.448914
f42a875f-092b-427d-b12d-52c489379fdf,9fd1a384-8877-4a65-9277-6874f0eb9343,217,1749381304777947662,1749381305617881662,839,true,0.538075,0.362317
f42a875f-092b-427d-b12d-52c489379fdf,9fd1a384-8877-4a65-9277-6874f0eb9343,218,1749381305825886662,1749381306289883662,463,true,0.655271,0.276811
f42a875f-092b-427d-b12d-52c489379fdf,9fd1a384-8877-4a65-9277-6874f0eb9343,219,1749381306317967662,1749381306853917662,535,true,0.771006,0.25834
f42a875f-092b-427d-b12d-52c489379fdf,9fd1a384-8877-4a65-9277-6874f0eb9343,220,1749381306961929662,1749381307025902662,63,true,0.473731,0.453647
f42a875f-092b-427d-b12d-52c489379fdf,9fd1a384-8877-4a65-9277-6874f0eb9343,221,1749381307093935662,1749381307390108662,296,true,0.649492,0.325601
f42a875f-092b-427d-b12d-52c489379fdf,9fd1a384-8877-4a65-9277-6874f0eb9343,222,1749381307417915662,1749381308389918662,972,true,0.586158,0.309096
f42a875f-092b-427d-b12d-52c489379fdf,9fd1a384-8877-4a65-9277-6874f0eb9343,223,1749381308429934662,1749381309073924662,643,true,0.283472,0.267202
f42a875f-092b-427d-b12d-52c489379fdf,9fd1a384-8877-4a65-9277-6874f0eb9343,224,1749381309105961662,1749381309870140662,764,true,0.322464,0.278981
f42a875f-092b-427d-b12d-52c489379fdf,9fd1a384-8877-4a65-9277-6874f0eb9343,225,1749381309897968662,1749381310917925662,1019,true,0.365115,0.242732
f42a875f-092b-427d-b12d-52c489379fdf,9fd1a384-8877-4a65-9277-6874f0eb9343,226,1749381311609942662,1749381313349974662,1740,false,0.620028,-0.168632
f42a875f-092b-427d-b12d-52c489379fdf,9fd1a384-8877-4a65-9277-6874f0eb9343,227,1749381313517918662,1749381313577993662,60,false,0.73561,-0.036179
f42a875f-092b-427d-b12d-52c489379fdf,9fd1a384-8877-4a65-9277-6874f0eb9343,228,1749381313670018662,1749381313989891662,319,true,0.845723,0.060394
f42a875f-092b-427d-b12d-52c489379fdf,9fd1a384-8877-4a65-9277-6874f0eb9343,229,1749381314017914662,1749381314293929662,276,true,0.690982,0.085939
f42a875f-092b-427d-b12d-52c489379fdf,9fd1a384-8877-4a65-9277-6874f0eb9343,230,1749381314321912662,1749381314741919662,420,true,0.522366,0.181326
f42a875f-092b-427d-b12d-52c489379fdf,9fd1a384-8877-4a65-9277-6874f0eb9343,231,1749381314817909662,1749381314977923662,160,true,0.578147,0.334262
f42a875f-092b-427d-b12d-52c489379fdf,9fd1a384-8877-4a65-9277-6874f0eb9343,232,1749381315113871662,1749381315705935662,592,true,0.805058,0.4873
f42a875f-092b-427d-b12d-52c489379fdf,9fd1a384-8877-4a65-9277-6874f0eb9343,233,1749381315737960662,1749381316129916662,391,true,0.643834,0.627809
f42a875f-092b-427d-b12d-52c489379fdf,9fd1a384-8877-4a65-9277-6874f0eb9343,234,1749381316165957662,1749381316313908662,147,true,0.469523,0.903176
f42a875f-092b-427d-b12d-52c489379fdf,9fd1a384-8877-4a65-9277-6874f0eb9343,235,1749381316445900662,1749381316541927662,96,false,0.396138,1.043975
f42a875f-092b-427d-b12d-52c489379fdf,9fd1a384-8877-4a65-9277-6874f0eb9343,236,1749381316565872662,1749381317117885662,552,false,0.46677,1.163684
f42a875f-092b-427d-b12d-52c489379fdf,9fd1a384-8877-4a65-9277-6874f0eb9343,237,1749381317177905662,1749381318021904662,843,false,0.566934,1.397387
f42a875f-092b-427d-b12d-52c489379fdf,9fd1a384-8877-4a65-9277-6874f0eb9343,238,1749381318045881662,1749381318181922662,136,false,0.647509,1.452497
f42a875f-092b-427d-b12d-52c489379fdf,9fd1a384-8877-4a65-9277-6874f0eb9343,240,1749381318801933662,1749381319477928662,675,true,0.68279,0.199249
f42a875f-092b-427d-b12d-52c489379fdf,9fd1a384-8877-4a65-9277-6874f0eb9343,241,1749381319513945662,1749381319657929662,143,true,0.612979,0.278565
f42a875f-092b-427d-b12d-52c489379fdf,9fd1a384-8877-4a65-9277-6874f0eb9343,242,1749381319845904662,1749381320117889662,271,true,0.649624,0.272242
f42a875f-092b-427d-b12d-52c489379fdf,9fd1a384-8877-4a65-9277-6874f0eb9343,243,1749381320137945662,1749381322026054662,1888,true,0.725243,0.203316
f42a875f-092b-427d-b12d-52c489379fdf,9fd1a384-8877-4a65-9277-6874f0eb9343,244,1749381322073942662,1749381324901887662,2827,true,0.482791,0.326639
f42a875f-092b-427d-b12d-52c489379fdf,9fd1a384-8877-4a65-9277-6874f0eb9343,245,1749381325045953662,1749381325209926662,163,true,0.472049,0.512191
f42a875f-092b-427d-b12d-52c489379fdf,9fd1a384-8877-4a65-9277-6874f0eb9343,246,1749381325405938662,1749381327429917662,2023,true,0.49348,0.407301
f42a875f-092b-427d-b12d-52c489379fdf,9fd1a384-8877-4a65-9277-6874f0eb9343,247,1749381327457919662,1749381328329921662,872,true,0.672869,-0.204705
f42a875f-092b-427d-b12d-52c489379fdf,9fd1a384-8877-4a65-9277-6874f0eb9343,248,1749381328365924662,1749381329049958662,684,false,0.556619,-0.343974
f42a875f-092b-427d-b12d-52c489379fdf,9fd1a384-8877-4a65-9277-6874f0eb9343,249,1749381329081935662,1749381329225919662,143,true,0.572835,0.010935
f42a875f-092b-427d-b12d-52c489379fdf,9fd1a384-8877-4a65-9277-6874f0eb9343,250,1749381329613951662,1749381331005896662,1391,true,0.540099,0.355229
f42a875f-092b-427d-b12d-52c489379fdf,9fd1a384-8877-4a65-9277-6874f0eb9343,251,1749381331269913662,1749381331866015662,596,true,0.329317,1.020555
f42a875f-092b-427d-b12d-52c489379fdf,9fd1a384-8877-4a65-9277-6874f0eb9343,252,1749381331885921662,1749381332149899662,263,false,0.483751,1.199495
f42a875f-092b-427d-b12d-52c489379fdf,9fd1a384-8877-4a65-9277-6874f0eb9343,253,1749381332189919662,1749381332905926662,716,false,0.302104,1.328353
f42a875f-092b-427d-b12d-52c489379fdf,9fd1a384-8877-4a65-9277-6874f0eb9343,254,1749381333001879662,1749381333597913662,596,false,0.569261,1.470774
f42a875f-092b-427d-b12d-52c489379fdf,9fd1a384-8877-4a65-9277-6874f0eb9343,255,1749381333842049662,1749381334137890662,295,true,0.517148,0.681938
f42a875f-092b-427d-b12d-52c489379fdf,9fd1a384-8877-4a65-9277-6874f0eb9343,256,1749381334177935662,1749381334569919662,391,true,0.479384,0.38575
f42a875f-092b-427d-b12d-52c489379fdf,9fd1a384-8877-4a65-9277-6874f0eb9343,257,1749381334777918662,1749381334949947662,172,false,0.252605,1.317418
f42a875f-092b-427d-b12d-52c489379fdf,9fd1a384-8877-4a65-9277-6874f0eb9343,258,1749381335465944662,1749381336598152662,1132,true,0.466448,0.32022
f42a875f-092b-427d-b12d-52c489379fdf,9fd1a384-8877-4a65-9277-6874f0eb9343,259,1749381336721877662,1749381341909965662,5188,true,0.50124,0.316187
f42a875f-092b-427d-b12d-52c489379fdf,9fd1a384-8877-4a65-9277-6874f0eb9343,260,1749381341941895662,1749381343733925662,1792,true,0.480609,0.325233
f42a875f-092b-427d-b12d-52c489379fdf,9fd1a384-8877-4a65-9277-6874f0eb9343,261,1749381343773928662,1749381344329935662,556,true,0.326677,0.493142
f42a875f-092b-427d-b12d-52c489379fdf,9fd1a384-8877-4a65-9277-6874f0eb9343,262,1749381344367494662,1749381344637880662,270,true,0.566686,0.512681
f42a875f-092b-427d-b12d-52c489379fdf,9fd1a384-8877-4a65-9277-6874f0eb9343,263,1749381344673901662,1749381345969896662,1295,true,0.373636,0.400532
f42a875f-092b-427d-b12d-52c489379fdf,9fd1a384-8877-4a65-9277-6874f0eb9343,265,1749381346333925662,1749381348129908662,1795,false,0.485354,-0.260011
f42a875f-092b-427d-b12d-52c489379fdf,9fd1a384-8877-4a65-9277-6874f0eb9343,266,1749381348185933662,1749381348342018662,156,false,0.377562,-0.024928
f42a875f-092b-427d-b12d-52c489379fdf,9fd1a384-8877-4a65-9277-6874f0eb9343,267,1749381348377932662,1749381349590017662,1212,true,0.482855,0.198749
f42a875f-092b-427d-b12d-52c489379fdf,9fd1a384-8877-4a65-9277-6874f0eb9343,268,1749381349833888662,1749381350077926662,244,true,0.330938,0.704388
f42a875f-092b-427d-b12d-52c489379fdf,9fd1a384-8877-4a65-9277-6874f0eb9343,269,1749381350125946662,1749381350357897662,231,true,0.433116,0.632331
f42a875f-092b-427d-b12d-52c489379fdf,9fd1a384-8877-4a65-9277-6874f0eb9343,270,1749381350377914662,1749381350657892662,279,true,0.432545,0.555313
f42a875f-092b-427d-b12d-52c489379fdf,9fd1a384-8877-4a65-9277-6874f0eb9343,271,1749381350725942662,1749381350913948662,188,true,0.354929,0.930932
f42a875f-092b-427d-b12d-52c489379fdf,9fd1a384-8877-4a65-9277-6874f0eb9343,272,1749381350949909662,1749381351701925662,752,false,0.334365,1.118245
f42a875f-092b-427d-b12d-52c489379fdf,9fd1a384-8877-4a65-9277-6874f0eb9343,273,1749381351725962662,1749381351909927662,183,false,0.258589,1.329534
f42a875f-092b-427d-b12d-52c489379fdf,9fd1a384-8877-4a65-9277-6874f0eb9343,274,1749381351949958662,1749381352321924662,371,false,0.468233,1.357597
f42a875f-092b-427d-b12d-52c489379fdf,9fd1a384-8877-4a65-9277-6874f0eb9343,275,1749381352353925662,1749381352861926662,508,false,0.318686,1.39967
f42a875f-092b-427d-b12d-52c489379fdf,9fd1a384-8877-4a65-9277-6874f0eb9343,276,1749381352981903662,1749381353209925662,228,false,0.594295,1.46892
f42a875f-092b-427d-b12d-52c489379fdf,9fd1a384-8877-4a65-9277-6874f0eb9343,277,1749381353229987662,1749381353597885662,367,false,0.653304,1.521224
f42a875f-092b-427d-b12d-52c489379fdf,9fd1a384-8877-4a65-9277-6874f0eb9343,278,1749381353845928662,1749381354026000662,180,true,0.667744,0.591646
f42a875f-092b-427d-b12d-52c489379fdf,9fd1a384-8877-4a65-9277-6874f0eb9343,279,1749381354125892662,1749381354229939662,104,true,0.522868,0.335229
f42a875f-092b-427d-b12d-52c489379fdf,9fd1a384-8877-4a65-9277-6874f0eb9343,281,1749381354673931662,1749381354741885662,67,true,0.400456,0.434128
f42a875f-092b-427d-b12d-52c489379fdf,9fd1a384-8877-4a65-9277-6874f0eb9343,282,1749381354849982662,1749381355477923662,627,true,0.696614,0.266785
f42a875f-092b-427d-b12d-52c489379fdf,9fd1a384-8877-4a65-9277-6874f0eb9343,283,1749381355669940662,1749381355909933662,239,true,0.664316,0.268395
f42a875f-092b-427d-b12d-52c489379fdf,9fd1a384-8877-4a65-9277-6874f0eb9343,284,1749381355950177662,1749381357250008662,1299,true,0.475118,0.313232
f42a875f-092b-427d-b12d-52c489379fdf,9fd1a384-8877-4a65-9277-6874f0eb9343,285,1749381357281976662,1749381358297974662,1015,true,0.313025,0.272249
f42a875f-092b-427d-b12d-52c489379fdf,9fd1a384-8877-4a65-9277-6874f0eb9343,286,1749381358317940662,1749381358601923662,283,true,0.496744,0.271626
f42a875f-092b-427d-b12d-52c489379fdf,9fd1a384-8877-4a65-9277-6874f0eb9343,288,1749381359297919662,1749381359621893662,323,true,0.306928,0.160344
f42a875f-092b-427d-b12d-52c489379fdf,9fd1a384-8877-4a65-9277-6874f0eb9343,289,1749381359789898662,1749381361933925662,2144,false,0.598355,-0.140991
f42a875f-092b-427d-b12d-52c489379fdf,9fd1a384-8877-4a65-9277-6874f0eb9343,290,1749381361993930662,1749381362565915662,571,true,0.745316,0.059313
f42a875f-092b-427d-b12d-52c489379fdf,9fd1a384-8877-4a65-9277-6874f0eb9343,291,1749381362601890662,1749381365109888662,2507,true,0.461475,0.603383
f42a875f-092b-427d-b12d-52c489379fdf,9fd1a384-8877-4a65-9277-6874f0eb9343,292,1749381365141883662,1749381365557925662,416,false,0.398364,1.200892
f42a875f-092b-427d-b12d-52c489379fdf,9fd1a384-8877-4a65-9277-6874f0eb9343,293,1749381365577968662,1749381366525937662,947,false,0.294831,1.325063
f42a875f-092b-427d-b12d-52c489379fdf,9fd1a384-8877-4a65-9277-6874f0eb9343,294,1749381366610148662,1749381366645944662,35,false,0.546182,1.463365
f42a875f-092b-427d-b12d-52c489379fdf,9fd1a384-8877-4a65-9277-6874f0eb9343,295,1749381366801890662,1749381367469954662,668,false,0.68409,1.496917
f42a875f-092b-427d-b12d-52c489379fdf,9fd1a384-8877-4a65-9277-6874f0eb9343,296,1749381367885994662,1749381367945957662,59,true,0.499867,0.0742
f42a875f-092b-427d-b12d-52c489379fdf,9fd1a384-8877-4a65-9277-6874f0eb9343,297,1749381367965874662,1749381368253939662,288,true,0.566449,0.147725
f42a875f-092b-427d-b12d-52c489379fdf,9fd1a384-8877-4a65-9277-6874f0eb9343,298,1749381368325914662,1749381368389930662,64,true,0.361155,0.338339
f42a875f-092b-427d-b12d-52c489379fdf,9fd1a384-8877-4a65-9277-6874f0eb9343,299,1749381368429935662,1749381368649890662,219,true,0.545416,0.268965
f42a875f-092b-427d-b12d-52c489379fdf,9fd1a384-8877-4a65-9277-6874f0eb9343,300,1749381368669912662,1749381371833977662,3164,true,0.509067,0.300498
f42a875f-092b-427d-b12d-52c489379fdf,9fd1a384-8877-4a65-9277-6874f0eb9343,301,1749381371873910662,1749381373510155662,1636,true,0.331421,0.40289
f42a875f-092b-427d-b12d-52c489379fdf,9fd1a384-8877-4a65-9277-6874f0eb9343,302,1749381374041932662,1749381375481970662,1440,false,0.526085,-0.260225
f42a875f-092b-427d-b12d-52c489379fdf,9fd1a384-8877-4a65-9277-6874f0eb9343,303,1749381375513903662,1749381376757933662,1244,true,0.446445,0.075346
f42a875f-092b-427d-b12d-52c489379fdf,9fd1a384-8877-4a65-9277-6874f0eb9343,304,1749381376850037662,1749381377409927662,559,true,0.411358,0.283934
f42a875f-092b-427d-b12d-52c489379fdf,9fd1a384-8877-4a65-9277-6874f0eb9343,305,1749381377605876662,1749381377822915662,217,true,0.432286,0.512981
f42a875f-092b-427d-b12d-52c489379fdf,9fd1a384-8877-4a65-9277-6874f0eb9343,306,1749381377982190662,1749381378065888662,83,true,0.470326,0.685888
f42a875f-092b-427d-b12d-52c489379fdf,9fd1a384-8877-4a65-9277-6874f0eb9343,307,1749381378085947662,1749381378345897662,259,true,0.536193,0.788468
f42a875f-092b-427d-b12d-52c489379fdf,9fd1a384-8877-4a65-9277-6874f0eb9343,308,1749381378369999662,1749381378421900662,51,true,0.439251,0.873292
f42a875f-092b-427d-b12d-52c489379fdf,9fd1a384-8877-4a65-9277-6874f0eb9343,309,1749381378749939662,1749381378781885662,31,false,0.393853,1.087707
f42a875f-092b-427d-b12d-52c489379fdf,9fd1a384-8877-4a65-9277-6874f0eb9343,310,1749381378817907662,1749381379357885662,539,false,0.529301,1.240747
f42a875f-092b-427d-b12d-52c489379fdf,9fd1a384-8877-4a65-9277-6874f0eb9343,311,1749381379386058662,1749381379601952662,215,false,0.399821,1.290289
f42a875f-092b-427d-b12d-52c489379fdf,9fd1a384-8877-4a65-9277-6874f0eb9343,312,1749381379625890662,1749381379949976662,324,false,0.292548,1.377433
f42a875f-092b-427d-b12d-52c489379fdf,9fd1a384-8877-4a65-9277-6874f0eb9343,313,1749381380017925662,1749381380649891662,631,false,0.683264,1.482829
f42a875f-092b-427d-b12d-52c489379fdf,9fd1a384-8877-4a65-9277-6874f0eb9343,314,1749381381117964662,1749381381521889662,403,true,0.586295,0.216235
f42a875f-092b-427d-b12d-52c489379fdf,9fd1a384-8877-4a65-9277-6874f0eb9343,315,1749381381689973662,1749381382337950662,647,true,0.734944,0.199231
f42a875f-092b-427d-b12d-52c489379fdf,9fd1a384-8877-4a65-9277-6874f0eb9343,316,1749381382362067662,1749381382610020662,247,true,0.640868,0.248743
f42a875f-092b-427d-b12d-52c489379fdf,9fd1a384-8877-4a65-9277-6874f0eb9343,317,1749381382645912662,1749381385117883662,2471,true,0.450129,0.298795
f42a875f-092b-427d-b12d-52c489379fdf,9fd1a384-8877-4a65-9277-6874f0eb9343,318,1749381385157915662,1749381386417873662,1259,true,0.284412,0.269947
f42a875f-092b-427d-b12d-52c489379fdf,9fd1a384-8877-4a65-9277-6874f0eb9343,319,1749381387649945662,1749381387689946662,40,false,0.540535,-0.149187
f42a875f-092b-427d-b12d-52c489379fdf,9fd1a384-8877-4a65-9277-6874f0eb9343,320,1749381387709909662,1749381389493904662,1783,false,0.472497,-0.339744
f42a875f-092b-427d-b12d-52c489379fdf,9fd1a384-8877-4a65-9277-6874f0eb9343,321,1749381389521881662,1749381390289917662,768,false,0.582691,-0.208278
f42a875f-092b-427d-b12d-52c489379fdf,9fd1a384-8877-4a65-9277-6874f0eb9343,322,1749381390326107662,1749381391045946662,719,false,0.706029,-0.053622
f42a875f-092b-427d-b12d-52c489379fdf,9fd1a384-8877-4a65-9277-6874f0eb9343,323,1749381391081899662,1749381391333943662,252,true,0.499753,0.005133
f42a875f-092b-427d-b12d-52c489379fdf,9fd1a384-8877-4a65-9277-6874f0eb9343,324,1749381391349944662,1749381393413963662,2064,true,0.31301,0.043908
f42a875f-092b-427d-b12d-52c489379fdf,9fd1a384-8877-4a65-9277-6874f0eb9343,325,1749381393441895662,1749381394933950662,1492,true,0.050399,0.63574
f42a875f-092b-427d-b12d-52c489379fdf,9fd1a384-8877-4a65-9277-6874f0eb9343,326,1749381395081947662,1749381395289899662,207,true,0.006674,0.965657
f42a875f-092b-427d-b12d-52c489379fdf,9fd1a384-8877-4a65-9277-6874f0eb9343,327,1749381395441925662,1749381395741900662,299,false,-0.0411,1.132994
f42a875f-092b-427d-b12d-52c489379fdf,9fd1a384-8877-4a65-9277-6874f0eb9343,328,1749381395761996662,1749381397453901662,1691,true,0.013053,1.089892
f42a875f-092b-427d-b12d-52c489379fdf,9fd1a384-8877-4a65-9277-6874f0eb9343,329,1749381397609933662,1749381397805912662,195,false,0.377695,1.142303
f42a875f-092b-427d-b12d-52c489379fdf,9fd1a384-8877-4a65-9277-6874f0eb9343,330,1749381398245927662,1749381398385886662,139,true,0.19184,0.23161
f42a875f-092b-427d-b12d-52c489379fdf,9fd1a384-8877-4a65-9277-6874f0eb9343,331,1749381398765918662,1749381399217878662,451,false,0.602352,1.366122
f42a875f-092b-427d-b12d-52c489379fdf,9fd1a384-8877-4a65-9277-6874f0eb9343,332,1749381399361976662,1749381399469986662,108,false,0.306861,1.449581
f42a875f-092b-427d-b12d-52c489379fdf,9fd1a384-8877-4a65-9277-6874f0eb9343,336,1749381400741900662,1749381400905921662,164,false,1.502721,0.525139
f42a875f-092b-427d-b12d-52c489379fdf,9fd1a384-8877-4a65-9277-6874f0eb9343,339,1749381401965913662,1749381402277933662,312,false,4.420657,-0.220441
f42a875f-092b-427d-b12d-52c489379fdf,9fd1a384-8877-4a65-9277-6874f0eb9343,348,1749381404721930662,1749381406025932662,1304,false,0.802119,1.429015
f42a875f-092b-427d-b12d-52c489379fdf,9fd1a384-8877-4a65-9277-6874f0eb9343,349,1749381406053883662,1749381406113958662,60,false,0.948583,1.359376
f42a875f-092b-427d-b12d-52c489379fdf,9fd1a384-8877-4a65-9277-6874f0eb9343,350,1749381406273981662,1749381406461929662,187,false,0.766622,1.32697
f42a875f-092b-427d-b12d-52c489379fdf,9fd1a384-8877-4a65-9277-6874f0eb9343,351,1749381406493939662,1749381407605881662,1111,false,0.798218,1.423762
f42a875f-092b-427d-b12d-52c489379fdf,9fd1a384-8877-4a65-9277-6874f0eb9343,354,1749381408541896662,1749381408601942662,60,false,0.258349,-0.188151
f42a875f-092b-427d-b12d-52c489379fdf,9fd1a384-8877-4a65-9277-6874f0eb9343,355,1749381408645913662,1749381409121889662,475,false,0.554136,-0.278463
f42a875f-092b-427d-b12d-52c489379fdf,9fd1a384-8877-4a65-9277-6874f0eb9343,356,1749381409205956662,1749381409437925662,231,true,0.63702,0.377395
f42a875f-092b-427d-b12d-52c489379fdf,9fd1a384-8877-4a65-9277-6874f0eb9343,357,1749381409489949662,1749381409670076662,180,true,0.595469,0.721227
f42a875f-092b-427d-b12d-52c489379fdf,9fd1a384-8877-4a65-9277-6874f0eb9343,358,1749381410062082662,1749381411042012662,979,false,0.597075,1.471324
f42a875f-092b-427d-b12d-52c489379fdf,9fd1a384-8877-4a65-9277-6874f0eb9343,359,1749381411081949662,1749381411209982662,128,false,0.362447,1.489336
f42a875f-092b-427d-b12d-52c489379fdf,9fd1a384-8877-4a65-9277-6874f0eb9343,360,1749381411249925662,1749381412970205662,1720,false,0.640828,1.522187
f42a875f-092b-427d-b12d-52c489379fdf,9fd1a384-8877-4a65-9277-6874f0eb9343,362,1749381413833937662,1749381413925965662,92,true,0.522312,0.19488
f42a875f-092b-427d-b12d-52c489379fdf,9fd1a384-8877-4a65-9277-6874f0eb9343,364,1749381414349962662,1749381414577955662,227,true,0.579361,0.092666
f42a875f-092b-427d-b12d-52c489379fdf,9fd1a384-8877-4a65-9277-6874f0eb9343,365,1749381414609888662,1749381414781888662,172,true,0.456309,0.218618
f42a875f-092b-427d-b12d-52c489379fdf,9fd1a384-8877-4a65-9277-6874f0eb9343,366,1749381414941907662,1749381415477943662,536,true,0.456374,0.247696
f42a875f-092b-427d-b12d-52c489379fdf,9fd1a384-8877-4a65-9277-6874f0eb9343,367,1749381415677985662,1749381417037981662,1359,true,0.487727,0.25259
f42a875f-092b-427d-b12d-52c489379fdf,9fd1a384-8877-4a65-9277-6874f0eb9343,368,1749381417062045662,1749381417577921662,515,true,0.489571,0.380091
f42a875f-092b-427d-b12d-52c489379fdf,9fd1a384-8877-4a65-9277-6874f0eb9343,369,1749381417737924662,1749381418690041662,952,true,0.485954,0.392934
f42a875f-092b-427d-b12d-52c489379fdf,9fd1a384-8877-4a65-9277-6874f0eb9343,370,1749381418717885662,1749381418985967662,268,true,0.622776,0.407118
f42a875f-092b-427d-b12d-52c489379fdf,9fd1a384-8877-4a65-9277-6874f0eb9343,371,1749381419009978662,1749381420345903662,1335,true,0.483692,0.364675
f42a875f-092b-427d-b12d-52c489379fdf,9fd1a384-8877-4a65-9277-6874f0eb9343,372,1749381420637975662,1749381420901909662,263,true,0.613637,-0.013469
f42a875f-092b-427d-b12d-52c489379fdf,9fd1a384-8877-4a65-9277-6874f0eb9343,373,1749381421170031662,1749381422281887662,1111,false,0.815092,-0.074383
f42a875f-092b-427d-b12d-52c489379fdf,9fd1a384-8877-4a65-9277-6874f0eb9343,374,1749381422301892662,1749381422657910662,356,true,0.94085,-0.004563
f42a875f-092b-427d-b12d-52c489379fdf,9fd1a384-8877-4a65-9277-6874f0eb9343,375,1749381422690040662,1749381422957930662,267,false,0.829124,-0.033722
f42a875f-092b-427d-b12d-52c489379fdf,9fd1a384-8877-4a65-9277-6874f0eb9343,376,1749381422989949662,1749381423725931662,735,true,0.666382,0.100562
f42a875f-092b-427d-b12d-52c489379fdf,9fd1a384-8877-4a65-9277-6874f0eb9343,377,1749381423749948662,1749381424622042662,872,true,0.524444,0.261665
f42a875f-092b-427d-b12d-52c489379fdf,9fd1a384-8877-4a65-9277-6874f0eb9343,378,1749381424645979662,1749381425890012662,1244,true,0.562009,0.499683
f42a875f-092b-427d-b12d-52c489379fdf,9fd1a384-8877-4a65-9277-6874f0eb9343,379,1749381425917893662,1749381427613913662,1696,true,0.455715,1.153056
f42a875f-092b-427d-b12d-52c489379fdf,9fd1a384-8877-4a65-9277-6874f0eb9343,380,1749381427653929662,1749381428417912662,763,false,0.669568,1.484213
f42a875f-092b-427d-b12d-52c489379fdf,9fd1a384-8877-4a65-9277-6874f0eb9343,381,1749381428501927662,1749381428561955662,60,false,0.45637,1.429423
f42a875f-092b-427d-b12d-52c489379fdf,9fd1a384-8877-4a65-9277-6874f0eb9343,382,1749381428993947662,1749381429005969662,12,true,0.491042,0.265386
f42a875f-092b-427d-b12d-52c489379fdf,9fd1a384-8877-4a65-9277-6874f0eb9343,383,1749381429177897662,1749381429493961662,316,true,0.623428,0.327579
f42a875f-092b-427d-b12d-52c489379fdf,9fd1a384-8877-4a65-9277-6874f0eb9343,384,1749381429565891662,1749381429729945662,164,true,0.744293,0.318866
f42a875f-092b-427d-b12d-52c489379fdf,9fd1a384-8877-4a65-9277-6874f0eb9343,385,1749381429761999662,1749381432237923662,2475,true,0.537215,0.314072
f42a875f-092b-427d-b12d-52c489379fdf,9fd1a384-8877-4a65-9277-6874f0eb9343,386,1749381432277938662,1749381432641921662,363,true,0.302281,0.278312
f42a875f-092b-427d-b12d-52c489379fdf,9fd1a384-8877-4a65-9277-6874f0eb9343,387,1749381432677902662,1749381432897888662,219,true,0.378968,0.307703
f42a875f-092b-427d-b12d-52c489379fdf,9fd1a384-8877-4a65-9277-6874f0eb9343,388,1749381432925954662,1749381433433944662,507,true,0.483325,0.306306
f42a875f-092b-427d-b12d-52c489379fdf,9fd1a384-8877-4a65-9277-6874f0eb9343,389,1749381433461924662,1749381434017916662,555,true,0.340138,0.288668
f42a875f-092b-427d-b12d-52c489379fdf,9fd1a384-8877-4a65-9277-6874f0eb9343,390,1749381435289941662,1749381435701998662,412,false,0.547424,-0.145054
f42a875f-092b-427d-b12d-52c489379fdf,9fd1a384-8877-4a65-9277-6874f0eb9343,391,1749381436269931662,1749381436717892662,447,false,0.431257,-0.418271
f42a875f-092b-427d-b12d-52c489379fdf,9fd1a384-8877-4a65-9277-6874f0eb9343,392,1749381436757919662,1749381437277947662,520,false,0.528637,-0.096584
f42a875f-092b-427d-b12d-52c489379fdf,9fd1a384-8877-4a65-9277-6874f0eb9343,393,1749381437301911662,1749381437509896662,207,true,0.480558,0.063221
f42a875f-092b-427d-b12d-52c489379fdf,9fd1a384-8877-4a65-9277-6874f0eb9343,394,1749381437529931662,1749381438617906662,1087,true,0.508408,0.299454
f42a875f-092b-427d-b12d-52c489379fdf,9fd1a384-8877-4a65-9277-6874f0eb9343,395,1749381438649897662,1749381439941926662,1292,true,0.360617,0.705526
f42a875f-092b-427d-b12d-52c489379fdf,9fd1a384-8877-4a65-9277-6874f0eb9343,396,1749381439965886662,1749381440221960662,256,false,0.21229,1.033832
f42a875f-092b-427d-b12d-52c489379fdf,9fd1a384-8877-4a65-9277-6874f0eb9343,397,1749381440305918662,1749381440493895662,187,false,0.21597,1.177631
f42a875f-092b-427d-b12d-52c489379fdf,9fd1a384-8877-4a65-9277-6874f0eb9343,398,1749381440533920662,1749381440825947662,292,false,0.401512,1.180962
f42a875f-092b-427d-b12d-52c489379fdf,9fd1a384-8877-4a65-9277-6874f0eb9343,399,1749381440865938662,1749381441441899662,575,false,0.331105,1.309843
f42a875f-092b-427d-b12d-52c489379fdf,9fd1a384-8877-4a65-9277-6874f0eb9343,400,1749381441634121662,1749381443313954662,1679,false,0.690998,1.475669
f42a875f-092b-427d-b12d-52c489379fdf,9fd1a384-8877-4a65-9277-6874f0eb9343,401,1749381443630008662,1749381443821913662,191,true,0.498255,0.349139
f42a875f-092b-427d-b12d-52c489379fdf,9fd1a384-8877-4a65-9277-6874f0eb9343,402,1749381444117948662,1749381446665998662,2548,true,0.508991,0.31262
f42a875f-092b-427d-b12d-52c489379fdf,9fd1a384-8877-4a65-9277-6874f0eb9343,403,1749381446693993662,1749381446913910662,219,true,0.433784,0.441078
f42a875f-092b-427d-b12d-52c489379fdf,9fd1a384-8877-4a65-9277-6874f0eb9343,404,1749381447113970662,1749381448553971662,1440,true,0.475178,0.43318
f42a875f-092b-427d-b12d-52c489379fdf,9fd1a384-8877-4a65-9277-6874f0eb9343,405,1749381449057926662,1749381450525948662,1468,false,0.853919,-0.095396
f42a875f-092b-427d-b12d-52c489379fdf,9fd1a384-8877-4a65-9277-6874f0eb9343,406,1749381450553942662,1749381451289905662,735,true,0.91572,0.048324
f42a875f-092b-427d-b12d-52c489379fdf,9fd1a384-8877-4a65-9277-6874f0eb9343,407,1749381451369961662,1749381451525886662,155,true,0.594255,0.198581
f42a875f-092b-427d-b12d-52c489379fdf,9fd1a384-8877-4a65-9277-6874f0eb9343,408,1749381451626044662,1749381452017898662,391,true,-0.009943,0.068665
f42a875f-092b-427d-b12d-52c489379fdf,9fd1a384-8877-4a65-9277-6874f0eb9343,409,1749381452101888662,1749381453149940662,1048,true,0.490944,0.36918
f42a875f-092b-427d-b12d-52c489379fdf,9fd1a384-8877-4a65-9277-6874f0eb9343,410,1749381453269974662,1749381453957928662,687,true,0.365477,0.895884
f42a875f-092b-427d-b12d-52c489379fdf,9fd1a384-8877-4a65-9277-6874f0eb9343,411,1749381453985895662,1749381454389918662,404,false,0.250401,1.129361
f42a875f-092b-427d-b12d-52c489379fdf,9fd1a384-8877-4a65-9277-6874f0eb9343,412,1749381454421874662,1749381454553948662,132,false,0.378073,1.200093
f42a875f-092b-427d-b12d-52c489379fdf,9fd1a384-8877-4a65-9277-6874f0eb9343,413,1749381454594007662,1749381455085878662,491,false,0.561151,1.294382
f42a875f-092b-427d-b12d-52c489379fdf,9fd1a384-8877-4a65-9277-6874f0eb9343,414,1749381455117948662,1749381455545968662,428,false,0.418608,1.378549
f42a875f-092b-427d-b12d-52c489379fdf,9fd1a384-8877-4a65-9277-6874f0eb9343,415,1749381455657881662,1749381456245940662,588,false,0.682524,1.459225
f42a875f-092b-427d-b12d-52c489379fdf,9fd1a384-8877-4a65-9277-6874f0eb9343,416,1749381456293920662,1749381457377961662,1084,false,0.314791,1.374991
f42a875f-092b-427d-b12d-52c489379fdf,9fd1a384-8877-4a65-9277-6874f0eb9343,417,1749381457493928662,1749381457657941662,164,false,0.697337,1.458126
f42a875f-092b-427d-b12d-52c489379fdf,9fd1a384-8877-4a65-9277-6874f0eb9343,418,1749381458082018662,1749381460921932662,2839,true,0.475819,0.305779
f42a875f-092b-427d-b12d-52c489379fdf,9fd1a384-8877-4a65-9277-6874f0eb9343,419,1749381460957921662,1749381461489907662,531,true,0.283869,0.420482
f42a875f-092b-427d-b12d-52c489379fdf,9fd1a384-8877-4a65-9277-6874f0eb9343,420,1749381461525879662,1749381461882001662,356,true,0.512613,0.414609
f42a875f-092b-427d-b12d-52c489379fdf,9fd1a384-8877-4a65-9277-6874f0eb9343,421,1749381461905934662,1749381462261906662,355,true,0.377276,0.3868
f42a875f-092b-427d-b12d-52c489379fdf,9fd1a384-8877-4a65-9277-6874f0eb9343,422,1749381463117905662,1749381465257907662,2140,true,0.624878,0.042451
f42a875f-092b-427d-b12d-52c489379fdf,9fd1a384-8877-4a65-9277-6874f0eb9343,423,1749381465297938662,1749381465629949662,332,true,0.768089,0.270771
f42a875f-092b-427d-b12d-52c489379fdf,9fd1a384-8877-4a65-9277-6874f0eb9343,424,1749381465670052662,1749381466281938662,611,true,0.51708,0.230195
f42a875f-092b-427d-b12d-52c489379fdf,9fd1a384-8877-4a65-9277-6874f0eb9343,425,1749381466310018662,1749381466421893662,111,true,0.528547,0.379233
f42a875f-092b-427d-b12d-52c489379fdf,9fd1a384-8877-4a65-9277-6874f0eb9343,426,1749381466517900662,1749381467573936662,1056,true,0.531691,0.657798
f42a875f-092b-427d-b12d-52c489379fdf,9fd1a384-8877-4a65-9277-6874f0eb9343,427,1749381467633892662,1749381467813919662,180,true,0.470362,0.504842
f42a875f-092b-427d-b12d-52c489379fdf,9fd1a384-8877-4a65-9277-6874f0eb9343,428,1749381467881877662,1749381468877935662,996,true,0.33951,1.023282
f42a875f-092b-427d-b12d-52c489379fdf,9fd1a384-8877-4a65-9277-6874f0eb9343,429,1749381468909935662,1749381469630035662,720,false,0.5427,1.377403
f42a875f-092b-427d-b12d-52c489379fdf,9fd1a384-8877-4a65-9277-6874f0eb9343,430,1749381469753979662,1749381470345914662,591,false,0.682321,1.465854
f42a875f-092b-427d-b12d-52c489379fdf,9fd1a384-8877-4a65-9277-6874f0eb9343,431,1749381470389957662,1749381470585939662,195,false,0.454203,1.438284
f42a875f-092b-427d-b12d-52c489379fdf,9fd1a384-8877-4a65-9277-6874f0eb9343,432,1749381471185968662,1749381471921915662,735,true,0.473873,0.280977
f42a875f-092b-427d-b12d-52c489379fdf,9fd1a384-8877-4a65-9277-6874f0eb9343,433,1749381472061925662,1749381474049878662,1987,true,0.496254,0.317361
f42a875f-092b-427d-b12d-52c489379fdf,9fd1a384-8877-4a65-9277-6874f0eb9343,435,1749381474370069662,1749381474797883662,427,false,0.708188,1.44165
f42a875f-092b-427d-b12d-52c489379fdf,9fd1a384-8877-4a65-9277-6874f0eb9343,436,1749381474881940662,1749381474965969662,84,false,0.616683,1.469433
f42a875f-092b-427d-b12d-52c489379fdf,9fd1a384-8877-4a65-9277-6874f0eb9343,437,1749381475313904662,1749381475481995662,168,true,0.497426,0.189912
f42a875f-092b-427d-b12d-52c489379fdf,9fd1a384-8877-4a65-9277-6874f0eb9343,438,1749381475517900662,1749381475669947662,152,true,0.484588,0.348088
f42a875f-092b-427d-b12d-52c489379fdf,9fd1a384-8877-4a65-9277-6874f0eb9343,439,1749381475989892662,1749381476117900662,128,false,0.277544,1.424242
f42a875f-092b-427d-b12d-52c489379fdf,9fd1a384-8877-4a65-9277-6874f0eb9343,440,1749381476553921662,1749381476597902662,43,true,0.478895,0.250035
f42a875f-092b-427d-b12d-52c489379fdf,9fd1a384-8877-4a65-9277-6874f0eb9343,441,1749381476765924662,1749381479185882662,2419,true,0.604158,0.270657
f42a875f-092b-427d-b12d-52c489379fdf,9fd1a384-8877-4a65-9277-6874f0eb9343,442,1749381479221990662,1749381479977941662,755,true,0.492102,0.270102
f42a875f-092b-427d-b12d-52c489379fdf,9fd1a384-8877-4a65-9277-6874f0eb9343,443,1749381480009927662,1749381480409905662,399,true,0.245523,0.240933
f42a875f-092b-427d-b12d-52c489379fdf,9fd1a384-8877-4a65-9277-6874f0eb9343,444,1749381480497886662,1749381480745926662,248,true,0.259362,0.23659
f42a875f-092b-427d-b12d-52c489379fdf,9fd1a384-8877-4a65-9277-6874f0eb9343,445,1749381480778373662,1749381481366008662,587,true,0.33931,0.244313
f42a875f-092b-427d-b12d-52c489379fdf,9fd1a384-8877-4a65-9277-6874f0eb9343,446,1749381482737924662,1749381483233992662,496,false,0.548671,-0.235748
f42a875f-092b-427d-b12d-52c489379fdf,9fd1a384-8877-4a65-9277-6874f0eb9343,447,1749381483941981662,1749381484449914662,507,false,0.556707,-0.226874
f42a875f-092b-427d-b12d-52c489379fdf,9fd1a384-8877-4a65-9277-6874f0eb9343,448,1749381484573959662,1749381484737935662,163,false,0.661313,-0.119597
f42a875f-092b-427d-b12d-52c489379fdf,9fd1a384-8877-4a65-9277-6874f0eb9343,449,1749381484769941662,1749381485073893662,303,true,0.794268,0.000956
f42a875f-092b-427d-b12d-52c489379fdf,9fd1a384-8877-4a65-9277-6874f0eb9343,450,1749381485121958662,1749381486741870662,1619,true,0.49318,0.270056
f42a875f-092b-427d-b12d-52c489379fdf,9fd1a384-8877-4a65-9277-6874f0eb9343,451,1749381486845897662,1749381486933898662,88,true,0.504259,0.545526
f42a875f-092b-427d-b12d-52c489379fdf,9fd1a384-8877-4a65-9277-6874f0eb9343,452,1749381487034059662,1749381487377902662,343,true,0.429156,0.849815
f42a875f-092b-427d-b12d-52c489379fdf,9fd1a384-8877-4a65-9277-6874f0eb9343,453,1749381487441876662,1749381488077933662,636,false,0.307134,1.125781
f42a875f-092b-427d-b12d-52c489379fdf,9fd1a384-8877-4a65-9277-6874f0eb9343,454,1749381488109975662,1749381488345945662,235,false,0.589374,1.259514
f42a875f-092b-427d-b12d-52c489379fdf,9fd1a384-8877-4a65-9277-6874f0eb9343,455,1749381488389909662,1749381489013899662,623,false,0.315471,1.318925
f42a875f-092b-427d-b12d-52c489379fdf,9fd1a384-8877-4a65-9277-6874f0eb9343,456,1749381489070074662,1749381489233965662,163,false,0.567133,1.427688
f42a875f-092b-427d-b12d-52c489379fdf,9fd1a384-8877-4a65-9277-6874f0eb9343,457,1749381489254018662,1749381489821885662,567,false,0.692433,1.460466
f42a875f-092b-427d-b12d-52c489379fdf,9fd1a384-8877-4a65-9277-6874f0eb9343,458,1749381489865884662,1749381490025942662,160,false,0.4274,1.456326
f42a875f-092b-427d-b12d-52c489379fdf,9fd1a384-8877-4a65-9277-6874f0eb9343,459,1749381490065893662,1749381490305945662,240,false,0.664314,1.479967
f42a875f-092b-427d-b12d-52c489379fdf,9fd1a384-8877-4a65-9277-6874f0eb9343,460,1749381490353939662,1749381490373936662,19,false,0.341117,1.45026
f42a875f-092b-427d-b12d-52c489379fdf,9fd1a384-8877-4a65-9277-6874f0eb9343,462,1749381491181992662,1749381492197896662,1015,true,0.531732,0.276356
f42a875f-092b-427d-b12d-52c489379fdf,9fd1a384-8877-4a65-9277-6874f0eb9343,463,1749381492237918662,1749381493981911662,1743,true,0.776558,0.386045
f42a875f-092b-427d-b12d-52c489379fdf,9fd1a384-8877-4a65-9277-6874f0eb9343,464,1749381494077916662,1749381494197927662,120,false,-0.09052,0.492631
f42a875f-092b-427d-b12d-52c489379fdf,9fd1a384-8877-4a65-9277-6874f0eb9343,465,1749381494297884662,1749381494405930662,108,true,0.54506,0.744203
f42a875f-092b-427d-b12d-52c489379fdf,9fd1a384-8877-4a65-9277-6874f0eb9343,466,1749381494701891662,1749381494705921662,4,false,0.68429,1.191593
f42a875f-092b-427d-b12d-52c489379fdf,9fd1a384-8877-4a65-9277-6874f0eb9343,469,1749381495229985662,1749381495549931662,319,false,0.718694,1.414905
f42a875f-092b-427d-b12d-52c489379fdf,9fd1a384-8877-4a65-9277-6874f0eb9343,470,1749381495589934662,1749381495605919662,15,false,0.52087,1.417667
f42a875f-092b-427d-b12d-52c489379fdf,9fd1a384-8877-4a65-9277-6874f0eb9343,471,1749381495830026662,1749381495918000662,87,false,0.293965,1.34942
f42a875f-092b-427d-b12d-52c489379fdf,9fd1a384-8877-4a65-9277-6874f0eb9343,472,1749381496165950662,1749381496589952662,424,true,0.618447,0.51303
f42a875f-092b-427d-b12d-52c489379fdf,9fd1a384-8877-4a65-9277-6874f0eb9343,473,1749381496665927662,1749381496733942662,68,true,0.688232,0.960301
f42a875f-092b-427d-b12d-52c489379fdf,9fd1a384-8877-4a65-9277-6874f0eb9343,474,1749381496941924662,1749381498641913662,1699,false,0.825087,1.38221
f42a875f-092b-427d-b12d-52c489379fdf,9fd1a384-8877-4a65-9277-6874f0eb9343,475,1749381499030151662,1749381500449946662,1419,true,0.450766,0.246732
f42a875f-092b-427d-b12d-52c489379fdf,9fd1a384-8877-4a65-9277-6874f0eb9343,476,1749381500581908662,1749381500649950662,68,true,0.318328,0.481815
f42a875f-092b-427d-b12d-52c489379fdf,9fd1a384-8877-4a65-9277-6874f0eb9343,477,1749381500681959662,1749381500773928662,91,true,0.49991,0.370127
f42a875f-092b-427d-b12d-52c489379fdf,9fd1a384-8877-4a65-9277-6874f0eb9343,478,1749381500989885662,1749381502205932662,1216,true,0.461968,0.296972
f42a875f-092b-427d-b12d-52c489379fdf,9fd1a384-8877-4a65-9277-6874f0eb9343,479,1749381502265916662,1749381502337920662,72,true,0.398578,0.43655
f42a875f-092b-427d-b12d-52c489379fdf,9fd1a384-8877-4a65-9277-6874f0eb9343,480,1749381502361949662,1749381502730025662,368,true,0.475327,0.330431
f42a875f-092b-427d-b12d-52c489379fdf,9fd1a384-8877-4a65-9277-6874f0eb9343,481,1749381502770023662,1749381503345998662,575,true,0.324071,0.356467
f42a875f-092b-427d-b12d-52c489379fdf,9fd1a384-8877-4a65-9277-6874f0eb9343,482,1749381503389962662,1749381504141923662,751,true,0.561802,0.405262
f42a875f-092b-427d-b12d-52c489379fdf,9fd1a384-8877-4a65-9277-6874f0eb9343,483,1749381504689947662,1749381504925925662,235,true,0.300209,0.334718
f42a875f-092b-427d-b12d-52c489379fdf,9fd1a384-8877-4a65-9277-6874f0eb9343,484,1749381505257942662,1749381507869937662,2611,true,0.609828,0.005764
f42a875f-092b-427d-b12d-52c489379fdf,9fd1a384-8877-4a65-9277-6874f0eb9343,485,1749381508029912662,1749381508450019662,420,true,0.608086,0.360317
f42a875f-092b-427d-b12d-52c489379fdf,9fd1a384-8877-4a65-9277-6874f0eb9343,486,1749381508485937662,1749381508909878662,423,true,0.490538,0.274529
f42a875f-092b-427d-b12d-52c489379fdf,9fd1a384-8877-4a65-9277-6874f0eb9343,487,1749381508950016662,1749381509005932662,55,true,0.514368,0.490934
f42a875f-092b-427d-b12d-52c489379fdf,9fd1a384-8877-4a65-9277-6874f0eb9343,488,1749381509297891662,1749381509325945662,28,true,0.361104,0.797883
f42a875f-092b-427d-b12d-52c489379fdf,9fd1a384-8877-4a65-9277-6874f0eb9343,489,1749381509354020662,1749381509513885662,159,true,0.313812,0.873221
f42a875f-092b-427d-b12d-52c489379fdf,9fd1a384-8877-4a65-9277-6874f0eb9343,490,1749381509557920662,1749381509713998662,156,true,0.279954,0.991063
f42a875f-092b-427d-b12d-52c489379fdf,9fd1a384-8877-4a65-9277-6874f0eb9343,491,1749381509741902662,1749381509905951662,164,false,0.207704,1.100127
f42a875f-092b-427d-b12d-52c489379fdf,9fd1a384-8877-4a65-9277-6874f0eb9343,492,1749381509941890662,1749381510369948662,428,false,0.35549,1.175219
f42a875f-092b-427d-b12d-52c489379fdf,9fd1a384-8877-4a65-9277-6874f0eb9343,493,1749381510401977662,1749381510670020662,268,false,0.530105,1.329577
f42a875f-092b-427d-b12d-52c489379fdf,9fd1a384-8877-4a65-9277-6874f0eb9343,494,1749381510721889662,1749381511097887662,375,false,0.448219,1.383673
f42a875f-092b-427d-b12d-52c489379fdf,9fd1a384-8877-4a65-9277-6874f0eb9343,495,1749381511117897662,1749381511309910662,192,false,0.517081,1.414941
f42a875f-092b-427d-b12d-52c489379fdf,9fd1a384-8877-4a65-9277-6874f0eb9343,496,1749381511337954662,1749381511749923662,411,false,0.638778,1.44922
f42a875f-092b-427d-b12d-52c489379fdf,9fd1a384-8877-4a65-9277-6874f0eb9343,497,1749381511954008662,1749381512065894662,111,true,0.419975,0.384735
f42a875f-092b-427d-b12d-52c489379fdf,9fd1a384-8877-4a65-9277-6874f0eb9343,498,1749381512365896662,1749381512525974662,160,false,0.292611,1.450892
f42a875f-092b-427d-b12d-52c489379fdf,9fd1a384-8877-4a65-9277-6874f0eb9343,500,1749381512997892662,1749381513065940662,68,true,0.571579,0.197432
f42a875f-092b-427d-b12d-52c489379fdf,9fd1a384-8877-4a65-9277-6874f0eb9343,501,1749381513090007662,1749381513385915662,295,true,0.481092,0.314149
f42a875f-092b-427d-b12d-52c489379fdf,9fd1a384-8877-4a65-9277-6874f0eb9343,502,1749381513517893662,1749381515793906662,2276,true,0.470929,0.317516
f42a875f-092b-427d-b12d-52c489379fdf,9fd1a384-8877-4a65-9277-6874f0eb9343,503,1749381515821921662,1749381518050050662,2228,true,0.495743,0.393732
f42a875f-092b-427d-b12d-52c489379fdf,9fd1a384-8877-4a65-9277-6874f0eb9343,504,1749381518069969662,1749381518665883662,595,false,0.778265,-0.073079
f42a875f-092b-427d-b12d-52c489379fdf,9fd1a384-8877-4a65-9277-6874f0eb9343,505,1749381518689917662,1749381518909936662,220,false,0.698327,-0.184869
f42a875f-092b-427d-b12d-52c489379fdf,9fd1a384-8877-4a65-9277-6874f0eb9343,506,1749381518937923662,1749381519469940662,532,true,0.551952,-0.138791
f42a875f-092b-427d-b12d-52c489379fdf,9fd1a384-8877-4a65-9277-6874f0eb9343,507,1749381519665932662,1749381521453896662,1787,true,0.490618,0.36985
f42a875f-092b-427d-b12d-52c489379fdf,9fd1a384-8877-4a65-9277-6874f0eb9343,508,1749381521493890662,1749381522129903662,636,true,0.459566,0.322164
f42a875f-092b-427d-b12d-52c489379fdf,9fd1a384-8877-4a65-9277-6874f0eb9343,509,1749381522221900662,1749381522237900662,16,true,0.414829,0.76327
f42a875f-092b-427d-b12d-52c489379fdf,9fd1a384-8877-4a65-9277-6874f0eb9343,510,1749381522433908662,1749381522545941662,112,true,0.390361,0.967884
f42a875f-092b-427d-b12d-52c489379fdf,9fd1a384-8877-4a65-9277-6874f0eb9343,511,1749381522569879662,1749381522829915662,260,false,0.351142,1.076671
f42a875f-092b-427d-b12d-52c489379fdf,9fd1a384-8877-4a65-9277-6874f0eb9343,512,1749381522917958662,1749381523153892662,235,true,0.549495,0.501256
f42a875f-092b-427d-b12d-52c489379fdf,9fd1a384-8877-4a65-9277-6874f0eb9343,513,1749381523269922662,1749381523385908662,115,false,0.378066,1.073798
f42a875f-092b-427d-b12d-52c489379fdf,9fd1a384-8877-4a65-9277-6874f0eb9343,514,1749381523421883662,1749381523582002662,160,false,0.331267,1.217488
f42a875f-092b-427d-b12d-52c489379fdf,9fd1a384-8877-4a65-9277-6874f0eb9343,515,1749381523605955662,1749381523881938662,275,false,0.335922,1.341851
f42a875f-092b-427d-b12d-52c489379fdf,9fd1a384-8877-4a65-9277-6874f0eb9343,516,1749381523917935662,1749381524170014662,252,false,0.472782,1.396123
f42a875f-092b-427d-b12d-52c489379fdf,9fd1a384-8877-4a65-9277-6874f0eb9343,517,1749381524209902662,1749381524805974662,596,false,0.668783,1.488919
f42a875f-092b-427d-b12d-52c489379fdf,9fd1a384-8877-4a65-9277-6874f0eb9343,518,1749381524845942662,1749381525001900662,155,false,0.399081,1.456627
f42a875f-092b-427d-b12d-52c489379fdf,9fd1a384-8877-4a65-9277-6874f0eb9343,519,1749381525045910662,1749381525386040662,340,false,0.644087,1.490591
f42a875f-092b-427d-b12d-52c489379fdf,9fd1a384-8877-4a65-9277-6874f0eb9343,521,1749381526285952662,1749381527030134662,744,false,1.095395,-0.038585
f42a875f-092b-427d-b12d-52c489379fdf,9fd1a384-8877-4a65-9277-6874f0eb9343,522,1749381527070007662,1749381527393966662,323,false,1.474893,-0.124013
f42a875f-092b-427d-b12d-52c489379fdf,9fd1a384-8877-4a65-9277-6874f0eb9343,523,1749381527433944662,1749381527730014662,296,false,1.850035,-0.136387
f42a875f-092b-427d-b12d-52c489379fdf,9fd1a384-8877-4a65-9277-6874f0eb9343,524,1749381527770053662,1749381528122002662,351,false,2.380353,-0.678865
f42a875f-092b-427d-b12d-52c489379fdf,9fd1a384-8877-4a65-9277-6874f0eb9343,525,1749381528198566662,1749381528381965662,183,false,2.266632,-0.25765
f42a875f-092b-427d-b12d-52c489379fdf,9fd1a384-8877-4a65-9277-6874f0eb9343,526,1749381528425921662,1749381529057927662,632,false,2.005703,0.297014
